{
  "train_loss": [
    0.9623992958804298,
    0.6663578402528871,
    0.6259411728035484,
    0.6025214051929044,
    0.5934390828220643
  ],
  "train_acc": [
    0.6766118836915297,
    0.8042983565107459,
    0.833881163084703,
    0.8462705436156763,
    0.8505689001264223
  ],
  "val_loss": [
    0.5641027102797308,
    0.49319493030825406,
    0.4676602849864509,
    0.4563959603050358,
    0.45771571535872513
  ],
  "val_acc": [
    0.8782505910165485,
    0.8959810874704491,
    0.9113475177304965,
    0.9101654846335697,
    0.9113475177304965
  ]
}