{
  "train_loss": [
    0.9582113501342513,
    0.4348625637047329,
    0.3054314587142317,
    0.2563484262456965,
    0.1730913717159807,
    0.10693190898710926
  ],
  "train_acc": [
    0.7105828802629915,
    0.8722973827285371,
    0.9031483120495638,
    0.9207232267037552,
    0.9425970413453029,
    0.9638386648122392
  ],
  "val_loss": [
    0.4975043712778294,
    0.29740860941984976,
    0.23830690469161275,
    0.20087542596226887,
    0.11707909293384698,
    0.08991055118787514
  ],
  "val_acc": [
    0.875886524822695,
    0.9243498817966903,
    0.9314420803782506,
    0.933806146572104,
    0.9574468085106383,
    0.9692671394799054
  ]
}