{
  "train_loss": [
    0.822339700590042,
    0.5451489848976039,
    0.5116215744754005,
    0.4900651960397038,
    0.4761349371953499,
    0.47075087350478817
  ],
  "train_acc": [
    0.7395701643489254,
    0.8733249051833123,
    0.8895069532237674,
    0.9011378002528445,
    0.9059418457648546,
    0.9077117572692794
  ],
  "val_loss": [
    0.5381730401769598,
    0.49265815476153757,
    0.4989150732967025,
    0.4784581777474559,
    0.46516698218406516,
    0.46340959080567595
  ],
  "val_acc": [
    0.8865248226950354,
    0.8912529550827423,
    0.8841607565011821,
    0.9054373522458629,
    0.9125295508274232,
    0.9078014184397163
  ]
}